<?xml version="1.0" encoding="UTF-8" standalone="yes"?>
<addon id="script.module.distutils"
       name="distutils"
       version="0.0.1"
       provider-name="lsellens">
  <requires>
    <import addon="xbmc.addon" version="12.0.0"/>
    <import addon="xbmc.python" version="2.1.0"/>
  </requires>
  <extension point="xbmc.python.module"
             library="lib" />
  <extension point="xbmc.addon.metadata">
    <summary>python distutils module</summary>
    <description>This is a module for python distutils</description>
    <platform>linux</platform>
  </extension>
</addon>
