<?xml version="1.0" encoding="UTF-8" standalone="yes"?>
<addon id="script.module.lxml"
       name="lxml"
       version="3.7.2"
       provider-name="jmcs">
  <requires>
    <import addon="xbmc.python" version="2.7.12"/>
    <import addon="script.module.lxml" version="1"/>
  </requires>
  <extension point="xbmc.python.module"
             library="lib" />
  <extension point="xbmc.addon.metadata">
    <summary>Python Module to find out the current time zone</summary>
    <description>Packed for Kodi lxml</description>
    <platform>all</platform>
    <language></language>
    <license>MIT</license>
    <forum></forum>
    <website></website>
    <source></source>
    <email></email>
  </extension>
</addon>
