<?xml version='1.0' encoding='UTF-8'?>
<tv generator-info-name="GUINIGUADA EPG" generator-info-url="http://lamia.com">
  <channel id="TVE">
    <display-name lang="es">La 1 HD</display-name>
    <url>http://lamia.com</url>
  </channel>
  <channel id="LA2">
    <display-name lang="es">La 2</display-name>
    <url>http://lamia.com</url>
  </channel>
  <channel id="A3">
    <display-name lang="es">Antena 3 HD</display-name>
    <url>http://lamia.com</url>
  </channel>
  <channel id="C4">
    <display-name lang="es">Cuatro HD</display-name>
    <url>http://lamia.com</url>
  </channel>
  <channel id="T5">
    <display-name lang="es">Telecinco HD</display-name>
    <url>http://lamia.com</url>
  </channel>
  <channel id="SEXTA">
    <display-name lang="es">La Sexta HD</display-name>
    <url>http://lamia.com</url>
  </channel>
  <channel id="MV3">
    <display-name lang="es">#0 HD</display-name>
    <url>http://lamia.com</url>
  </channel>
  <channel id="CANSUR">
    <display-name lang="es">Canal Sur</display-name>
    <url>http://lamia.com</url>
  </channel>
  <channel id="TVGAL">
    <display-name lang="es">TVG - TV Galicia</display-name>
    <url>http://lamia.com</url>
  </channel>
  <channel id="IB3">
    <display-name lang="es">IB3 RTV Illes Balears</display-name>
    <url>http://lamia.com</url>
  </channel>
  <channel id="EXTRE">
    <display-name lang="es">Canal Extremadura</display-name>
    <url>http://lamia.com</url>
  </channel>
  <channel id="CPSER">
    <display-name lang="es">Movistar Series HD</display-name>
    <url>http://lamia.com</url>
  </channel>
  <channel id="MV2">
    <display-name lang="es">Movistar Series Xtra HD</display-name>
    <url>http://lamia.com</url>
  </channel>
  <channel id="FOXGE">
    <display-name lang="es">Fox HD</display-name>
    <url>http://lamia.com</url>
  </channel>
  <channel id="AXN">
    <display-name lang="es">AXN HD</display-name>
    <url>http://lamia.com</url>
  </channel>
  <channel id="TNT">
    <display-name lang="es">TNT HD</display-name>
    <url>http://lamia.com</url>
  </channel>
  <channel id="PCM">
    <display-name lang="es">Comedy Central HD</display-name>
    <url>http://lamia.com</url>
  </channel>
  <channel id="CL13">
    <display-name lang="es">Calle 13 HD</display-name>
    <url>http://lamia.com</url>
  </channel>
  <channel id="COSMO">
    <display-name lang="es">Cosmo TV HD</display-name>
    <url>http://lamia.com</url>
  </channel>
  <channel id="AMC">
    <display-name lang="es">AMC HD</display-name>
    <url>http://lamia.com</url>
  </channel>
  <channel id="FOXCR">
    <display-name lang="es">Fox Life HD</display-name>
    <url>http://lamia.com</url>
  </channel>
  <channel id="SET">
    <display-name lang="es">AXN White HD</display-name>
    <url>http://lamia.com</url>
  </channel>
  <channel id="SCI-FI">
    <display-name lang="es">Syfy HD</display-name>
    <url>http://lamia.com</url>
  </channel>
  <channel id="NONSTP">
    <display-name lang="es">Non Stop People</display-name>
    <url>http://lamia.com</url>
  </channel>
  <channel id="MTV">
    <display-name lang="es">MTV España</display-name>
    <url>http://lamia.com</url>
  </channel>
  <channel id="ATRESS">
    <display-name lang="es">Atreseries</display-name>
    <url>http://lamia.com</url>
  </channel>
  <channel id="ESPORT">
    <display-name lang="es">M. eSports</display-name>
    <url>http://lamia.com</url>
  </channel>
  <channel id="MV1">
    <display-name lang="es">Movistar Estrenos HD</display-name>
    <url>http://lamia.com</url>
  </channel>
  <channel id="CPXTRA">
    <display-name lang="es">Movistar Xtra HD</display-name>
    <url>http://lamia.com</url>
  </channel>
  <channel id="CPACCI">
    <display-name lang="es">Movistar Acción HD</display-name>
    <url>http://lamia.com</url>
  </channel>
  <channel id="CPCOME">
    <display-name lang="es">Movistar Comedia HD</display-name>
    <url>http://lamia.com</url>
  </channel>
  <channel id="CPCOLE">
    <display-name lang="es">Movistar DCine HD</display-name>
    <url>http://lamia.com</url>
  </channel>
  <channel id="DCESP">
    <display-name lang="es">Movistar Cine Español</display-name>
    <url>http://lamia.com</url>
  </channel>
  <channel id="TCM">
    <display-name lang="es">TCM HD</display-name>
    <url>http://lamia.com</url>
  </channel>
  <channel id="HOLLYW">
    <display-name lang="es">Hollywood HD</display-name>
    <url>http://lamia.com</url>
  </channel>
  <channel id="SUNDAN">
    <display-name lang="es">Sundance TV</display-name>
    <url>http://lamia.com</url>
  </channel>
  <channel id="PARCH">
    <display-name lang="es">Paramount Channel</display-name>
    <url>http://lamia.com</url>
  </channel>
  <channel id="CPEV">
    <display-name lang="es">Multideporte</display-name>
    <url>http://lamia.com</url>
  </channel>
  <channel id="CPFUT">
    <display-name lang="es">Movistar Fútbol HD</display-name>
    <url>http://lamia.com</url>
  </channel>
  <channel id="CPPART">
    <display-name lang="es">Movistar Partidazo HD</display-name>
    <url>http://lamia.com</url>
  </channel>
  <channel id="BELIGA">
    <display-name lang="es">beIN LaLiga HD</display-name>
    <url>http://lamia.com</url>
  </channel>
  <channel id="BELIG1">
    <display-name lang="es">beIN LaLiga MAX 1 HD</display-name>
    <url>http://lamia.com</url>
  </channel>
  <channel id="BELIG2">
    <display-name lang="es">beIN LaLiga MAX 2 HD</display-name>
    <url>http://lamia.com</url>
  </channel>
  <channel id="CHUEFA">
    <display-name lang="es">beIN SPORTS HD</display-name>
    <url>http://lamia.com</url>
  </channel>
  <channel id="BEMAX1">
    <display-name lang="es">beIN SPORTS MAX 1 HD</display-name>
    <url>http://lamia.com</url>
  </channel>
  <channel id="MULTI5">
    <display-name lang="es">beIN SPORTS MAX 2 HD</display-name>
    <url>http://lamia.com</url>
  </channel>
  <channel id="REALM">
    <display-name lang="es">Real Madrid TV</display-name>
    <url>http://lamia.com</url>
  </channel>
  <channel id="BARNA">
    <display-name lang="es">Barça TV</display-name>
    <url>http://lamia.com</url>
  </channel>
  <channel id="CPDEP">
    <display-name lang="es">Movistar Deportes 1 HD</display-name>
    <url>http://lamia.com</url>
  </channel>
  <channel id="CPD2">
    <display-name lang="es">Movistar Deportes 2 HD</display-name>
    <url>http://lamia.com</url>
  </channel>
  <channel id="MVF1">
    <display-name lang="es">Movistar Fórmula 1 HD</display-name>
    <url>http://lamia.com</url>
  </channel>
  <channel id="MVMTGP">
    <display-name lang="es">Movistar Moto GP HD</display-name>
    <url>http://lamia.com</url>
  </channel>
  <channel id="GOLF+">
    <display-name lang="es">Movistar Golf HD</display-name>
    <url>http://lamia.com</url>
  </channel>
  <channel id="ESP">
    <display-name lang="es">Eurosport 1 HD</display-name>
    <url>http://lamia.com</url>
  </channel>
  <channel id="ESP2">
    <display-name lang="es">Eurosport 2</display-name>
    <url>http://lamia.com</url>
  </channel>
  <channel id="GOL">
    <display-name lang="es">Gol</display-name>
    <url>http://lamia.com</url>
  </channel>
  <channel id="TDEP">
    <display-name lang="es">Teledeporte</display-name>
    <url>http://lamia.com</url>
  </channel>
  <channel id="FUTREP">
    <display-name lang="es">Canal Fútbol Replay</display-name>
    <url>http://lamia.com</url>
  </channel>
  <channel id="CAZPES">
    <display-name lang="es">Caza y Pesca HD</display-name>
    <url>http://lamia.com</url>
  </channel>
  <channel id="IBERAL">
    <display-name lang="es">Iberalia TV</display-name>
    <url>http://lamia.com</url>
  </channel>
  <channel id="CFERIA">
    <display-name lang="es">Toros TV HD</display-name>
    <url>http://lamia.com</url>
  </channel>
  <channel id="ARTHUR">
    <display-name lang="es">Multideporte 1</display-name>
    <url>http://lamia.com</url>
  </channel>
  <channel id="NATGEO">
    <display-name lang="es">National Geographic HD</display-name>
    <url>http://lamia.com</url>
  </channel>
  <channel id="NATGW">
    <display-name lang="es">Nat Geo Wild HD</display-name>
    <url>http://lamia.com</url>
  </channel>
  <channel id="HIST">
    <display-name lang="es">Historia</display-name>
    <url>http://lamia.com</url>
  </channel>
  <channel id="DCR">
    <display-name lang="es">Discovery</display-name>
    <url>http://lamia.com</url>
  </channel>
  <channel id="ODISEA">
    <display-name lang="es">Odisea</display-name>
    <url>http://lamia.com</url>
  </channel>
  <channel id="BIOGRA">
    <display-name lang="es">A&amp;E</display-name>
    <url>http://lamia.com</url>
  </channel>
  <channel id="VJR">
    <display-name lang="es">Viajar HD</display-name>
    <url>http://lamia.com</url>
  </channel>
  <channel id="DCRMAX">
    <display-name lang="es">Discovery Max</display-name>
    <url>http://lamia.com</url>
  </channel>
  <channel id="CACOC">
    <display-name lang="es">Canal Cocina</display-name>
    <url>http://lamia.com</url>
  </channel>
  <channel id="DECASA">
    <display-name lang="es">Canal Decasa</display-name>
    <url>http://lamia.com</url>
  </channel>
  <channel id="MEGA">
    <display-name lang="es">Mega</display-name>
    <url>http://lamia.com</url>
  </channel>
  <channel id="BEMAD">
    <display-name lang="es">BE MAD</display-name>
    <url>http://lamia.com</url>
  </channel>
  <channel id="VH1">
    <display-name lang="es">VH1</display-name>
    <url>http://lamia.com</url>
  </channel>
  <channel id="M2">
    <display-name lang="es">MTV ROCKS</display-name>
    <url>http://lamia.com</url>
  </channel>
  <channel id="MEZZO">
    <display-name lang="es">Mezzo</display-name>
    <url>http://lamia.com</url>
  </channel>
  <channel id="MEZOHD">
    <display-name lang="es">Mezzo Live HD</display-name>
    <url>http://lamia.com</url>
  </channel>
  <channel id="CLASSI">
    <display-name lang="es">Classica HD</display-name>
    <url>http://lamia.com</url>
  </channel>
  <channel id="CLASSD">
    <display-name lang="es">Classica</display-name>
    <url>http://lamia.com</url>
  </channel>
  <channel id="PBOY">
    <display-name lang="es">Playboy TV</display-name>
    <url>http://lamia.com</url>
  </channel>
  <channel id="24H">
    <display-name lang="es">24 Horas</display-name>
    <url>http://lamia.com</url>
  </channel>
  <channel id="RTESP">
    <display-name lang="es">RT Español</display-name>
    <url>http://lamia.com</url>
  </channel>
  <channel id="ANTV">
    <display-name lang="es">Canal Sur Andalucía</display-name>
    <url>http://lamia.com</url>
  </channel>
  <channel id="MFUT1">
    <display-name lang="es">Multifútbol 1</display-name>
    <url>http://lamia.com</url>
  </channel>
  <channel id="MFUT2">
    <display-name lang="es">Multifútbol 2</display-name>
    <url>http://lamia.com</url>
  </channel>
  <channel id="MFUT3">
    <display-name lang="es">Multifútbol 3</display-name>
    <url>http://lamia.com</url>
  </channel>
  <channel id="MFUT4">
    <display-name lang="es">Multifútbol 4</display-name>
    <url>http://lamia.com</url>
  </channel>
  <channel id="MFUT5">
    <display-name lang="es">Multifútbol 5</display-name>
    <url>http://lamia.com</url>
  </channel>
  <channel id="MFUT9">
    <display-name lang="es">Multifútbol 6</display-name>
    <url>http://lamia.com</url>
  </channel>
  <channel id="BELIG3">
    <display-name lang="es">beIN LaLiga MAX 3</display-name>
    <url>http://lamia.com</url>
  </channel>
  <channel id="MFUT7">
    <display-name lang="es">Multifútbol 7</display-name>
    <url>http://lamia.com</url>
  </channel>
  <channel id="BELIG4">
    <display-name lang="es">beIN LaLiga MAX 4</display-name>
    <url>http://lamia.com</url>
  </channel>
  <channel id="MFUT8">
    <display-name lang="es">Multifútbol 8</display-name>
    <url>http://lamia.com</url>
  </channel>
  <channel id="BELIG5">
    <display-name lang="es">beIN LaLiga MAX 5</display-name>
    <url>http://lamia.com</url>
  </channel>
  <channel id="MUFUT9">
    <display-name lang="es">Multifútbol 9</display-name>
    <url>http://lamia.com</url>
  </channel>
  <channel id="BELIG6">
    <display-name lang="es">beIN LaLiga MAX 6</display-name>
    <url>http://lamia.com</url>
  </channel>
  <channel id="BELIG7">
    <display-name lang="es">beIN LaLiga MAX 7</display-name>
    <url>http://lamia.com</url>
  </channel>
  <channel id="MFUT6">
    <display-name lang="es">beIN SPORTS MAX 3</display-name>
    <url>http://lamia.com</url>
  </channel>
  <channel id="CPLI2A">
    <display-name lang="es">beIN SPORTS MAX 4</display-name>
    <url>http://lamia.com</url>
  </channel>
  <channel id="CPL2B">
    <display-name lang="es">beIN SPORTS MAX 5</display-name>
    <url>http://lamia.com</url>
  </channel>
  <channel id="CPL2C">
    <display-name lang="es">beIN SPORTS MAX 6</display-name>
    <url>http://lamia.com</url>
  </channel>
  <channel id="CPL2D">
    <display-name lang="es">beIN SPORTS MAX 7</display-name>
    <url>http://lamia.com</url>
  </channel>
  <channel id="MUTI7">
    <display-name lang="es">beIN SPORTS MAX 8</display-name>
    <url>http://lamia.com</url>
  </channel>
  <channel id="USOP2">
    <display-name lang="es">Multideporte 2</display-name>
    <url>http://lamia.com</url>
  </channel>
  <channel id="USOP3">
    <display-name lang="es">Multideporte 3</display-name>
    <url>http://lamia.com</url>
  </channel>
  <channel id="USOP11">
    <display-name lang="es">Multideporte 4</display-name>
    <url>http://lamia.com</url>
  </channel>
  <channel id="MULTI8">
    <display-name lang="es">Multideporte 5</display-name>
    <url>http://lamia.com</url>
  </channel>
  <channel id="MULTI6">
    <display-name lang="es">Multideporte 6</display-name>
    <url>http://lamia.com</url>
  </channel>
</tv>
